<?xml version="1.0" encoding="utf-8" standalone="yes"?>
<rss version="2.0" xmlns:atom="http://www.w3.org/2005/Atom">
  <channel>
    <title>Projects on Nick Gresham</title>
    <link>https://hugo-profile.netlify.app/project/</link>
    <description>Recent content in Projects on Nick Gresham</description>
    <generator>Hugo</generator>
    <language>en-us</language>
    <lastBuildDate></lastBuildDate>
    <atom:link href="https://hugo-profile.netlify.app/project/index.xml" rel="self" type="application/rss+xml" />
  </channel>
</rss>
